Modelo,Accuracy,Precision,Recall,F1,Tiempo_entrenamiento,Tiempo_prediccion
CNN,0.5930232558139535,0.48285629099582583,0.5930232558139535,0.4911693862112338,90.2908685207367,0.4544808864593506
