Modelo,Accuracy,Precision,Recall,F1,Tiempo_entrenamiento,Tiempo_prediccion
CNN,0.5697674418604651,0.4355751099937146,0.5697674418604651,0.474709414868235,104.86570811271667,0.5130550861358643
