Modelo,Accuracy,Precision,Recall,F1,Tiempo_prediccion,Tiempo_entrenamiento
SVM,0.6744186046511628,0.5168581301951994,0.6744186046511628,0.5604561073860054,0.011522531509399414,0.1692805290222168
Random Forest,0.6976744186046512,0.6103160405485987,0.6976744186046512,0.6159319680666435,0.030822277069091797,0.7587177753448486
